{
  "n_benchmark_compounds": 1002,
  "n_final_features": 121,
  "high_missing_features_removed": 0,
  "zero_variance_features_removed": 0,
  "best_params": {
    "colsample_bytree": 0.8,
    "learning_rate": 0.05,
    "max_depth": 5,
    "n_estimators": 300,
    "subsample": 0.8
  },
  "train_metrics": {
    "R2": 0.9938503398770181,
    "MSE": 0.021405147612608973,
    "RMSE": 0.146304981503054,
    "MAE": 0.10432048637201742
  },
  "test_metrics": {
    "R2": 0.8397272372990788,
    "MSE": 0.6308411713864625,
    "RMSE": 0.794255104727985,
    "MAE": 0.577887510741745
  }
}